 code |                         name                         |       capital       |  region  |         subregion         | population |                 flag                  
------+------------------------------------------------------+---------------------+----------+---------------------------+------------+---------------------------------------
 AF   | Afghanistan                                          | Kabul               | Asia     | Southern Asia             |   27657145 | https://restcountries.eu/data/afg.svg
 AX   | Åland Islands                                        | Mariehamn           | Europe   | Northern Europe           |      28875 | https://restcountries.eu/data/ala.svg
 AL   | Albania                                              | Tirana              | Europe   | Southern Europe           |    2886026 | https://restcountries.eu/data/alb.svg
 DZ   | Algeria                                              | Algiers             | Africa   | Northern Africa           |   40400000 | https://restcountries.eu/data/dza.svg
 AS   | American Samoa                                       | Pago Pago           | Oceania  | Polynesia                 |      57100 | https://restcountries.eu/data/asm.svg
 AD   | Andorra                                              | Andorra la Vella    | Europe   | Southern Europe           |      78014 | https://restcountries.eu/data/and.svg
 AO   | Angola                                               | Luanda              | Africa   | Middle Africa             |   25868000 | https://restcountries.eu/data/ago.svg
 AI   | Anguilla                                             | The Valley          | Americas | Caribbean                 |      13452 | https://restcountries.eu/data/aia.svg
 AQ   | Antarctica                                           |                     | Polar    |                           |       1000 | https://restcountries.eu/data/ata.svg
 AG   | Antigua and Barbuda                                  | Saint John's        | Americas | Caribbean                 |      86295 | https://restcountries.eu/data/atg.svg
 AR   | Argentina                                            | Buenos Aires        | Americas | South America             |   43590400 | https://restcountries.eu/data/arg.svg
 AM   | Armenia                                              | Yerevan             | Asia     | Western Asia              |    2994400 | https://restcountries.eu/data/arm.svg
 AW   | Aruba                                                | Oranjestad          | Americas | Caribbean                 |     107394 | https://restcountries.eu/data/abw.svg
 AU   | Australia                                            | Canberra            | Oceania  | Australia and New Zealand |   24117360 | https://restcountries.eu/data/aus.svg
 AT   | Austria                                              | Vienna              | Europe   | Western Europe            |    8725931 | https://restcountries.eu/data/aut.svg
 AZ   | Azerbaijan                                           | Baku                | Asia     | Western Asia              |    9730500 | https://restcountries.eu/data/aze.svg
 BS   | Bahamas                                              | Nassau              | Americas | Caribbean                 |     378040 | https://restcountries.eu/data/bhs.svg
 BH   | Bahrain                                              | Manama              | Asia     | Western Asia              |    1404900 | https://restcountries.eu/data/bhr.svg
 BD   | Bangladesh                                           | Dhaka               | Asia     | Southern Asia             |  161006790 | https://restcountries.eu/data/bgd.svg
 BB   | Barbados                                             | Bridgetown          | Americas | Caribbean                 |     285000 | https://restcountries.eu/data/brb.svg
 BY   | Belarus                                              | Minsk               | Europe   | Eastern Europe            |    9498700 | https://restcountries.eu/data/blr.svg
 BE   | Belgium                                              | Brussels            | Europe   | Western Europe            |   11319511 | https://restcountries.eu/data/bel.svg
 BZ   | Belize                                               | Belmopan            | Americas | Central America           |     370300 | https://restcountries.eu/data/blz.svg
 BJ   | Benin                                                | Porto-Novo          | Africa   | Western Africa            |   10653654 | https://restcountries.eu/data/ben.svg
 BM   | Bermuda                                              | Hamilton            | Americas | Northern America          |      61954 | https://restcountries.eu/data/bmu.svg
 BT   | Bhutan                                               | Thimphu             | Asia     | Southern Asia             |     775620 | https://restcountries.eu/data/btn.svg
 BO   | Bolivia (Plurinational State of)                     | Sucre               | Americas | South America             |   10985059 | https://restcountries.eu/data/bol.svg
 BQ   | Bonaire, Sint Eustatius and Saba                     | Kralendijk          | Americas | Caribbean                 |      17408 | https://restcountries.eu/data/bes.svg
 BA   | Bosnia and Herzegovina                               | Sarajevo            | Europe   | Southern Europe           |    3531159 | https://restcountries.eu/data/bih.svg
 BW   | Botswana                                             | Gaborone            | Africa   | Southern Africa           |    2141206 | https://restcountries.eu/data/bwa.svg
 BV   | Bouvet Island                                        |                     | Unknown  |                           |          0 | https://restcountries.eu/data/bvt.svg
 BR   | Brazil                                               | Brasília            | Americas | South America             |  206135893 | https://restcountries.eu/data/bra.svg
 IO   | British Indian Ocean Territory                       | Diego Garcia        | Africa   | Eastern Africa            |       3000 | https://restcountries.eu/data/iot.svg
 UM   | United States Minor Outlying Islands                 |                     | Americas | Northern America          |        300 | https://restcountries.eu/data/umi.svg
 VG   | Virgin Islands (British)                             | Road Town           | Americas | Caribbean                 |      28514 | https://restcountries.eu/data/vgb.svg
 VI   | Virgin Islands (U.S.)                                | Charlotte Amalie    | Americas | Caribbean                 |     114743 | https://restcountries.eu/data/vir.svg
 BN   | Brunei Darussalam                                    | Bandar Seri Begawan | Asia     | South-Eastern Asia        |     411900 | https://restcountries.eu/data/brn.svg
 BG   | Bulgaria                                             | Sofia               | Europe   | Eastern Europe            |    7153784 | https://restcountries.eu/data/bgr.svg
 BF   | Burkina Faso                                         | Ouagadougou         | Africa   | Western Africa            |   19034397 | https://restcountries.eu/data/bfa.svg
 BI   | Burundi                                              | Bujumbura           | Africa   | Eastern Africa            |   10114505 | https://restcountries.eu/data/bdi.svg
 KH   | Cambodia                                             | Phnom Penh          | Asia     | South-Eastern Asia        |   15626444 | https://restcountries.eu/data/khm.svg
 CM   | Cameroon                                             | Yaoundé             | Africa   | Middle Africa             |   22709892 | https://restcountries.eu/data/cmr.svg
 CA   | Canada                                               | Ottawa              | Americas | Northern America          |   36155487 | https://restcountries.eu/data/can.svg
 CV   | Cabo Verde                                           | Praia               | Africa   | Western Africa            |     531239 | https://restcountries.eu/data/cpv.svg
 KY   | Cayman Islands                                       | George Town         | Americas | Caribbean                 |      58238 | https://restcountries.eu/data/cym.svg
 CF   | Central African Republic                             | Bangui              | Africa   | Middle Africa             |    4998000 | https://restcountries.eu/data/caf.svg
 TD   | Chad                                                 | N'Djamena           | Africa   | Middle Africa             |   14497000 | https://restcountries.eu/data/tcd.svg
 CL   | Chile                                                | Santiago            | Americas | South America             |   18191900 | https://restcountries.eu/data/chl.svg
 CN   | China                                                | Beijing             | Asia     | Eastern Asia              | 1377422166 | https://restcountries.eu/data/chn.svg
 CX   | Christmas Island                                     | Flying Fish Cove    | Oceania  | Australia and New Zealand |       2072 | https://restcountries.eu/data/cxr.svg
 CC   | Cocos (Keeling) Islands                              | West Island         | Oceania  | Australia and New Zealand |        550 | https://restcountries.eu/data/cck.svg
 CO   | Colombia                                             | Bogotá              | Americas | South America             |   48759958 | https://restcountries.eu/data/col.svg
 KM   | Comoros                                              | Moroni              | Africa   | Eastern Africa            |     806153 | https://restcountries.eu/data/com.svg
 CG   | Congo                                                | Brazzaville         | Africa   | Middle Africa             |    4741000 | https://restcountries.eu/data/cog.svg
 CD   | Congo (Democratic Republic of the)                   | Kinshasa            | Africa   | Middle Africa             |   85026000 | https://restcountries.eu/data/cod.svg
 CK   | Cook Islands                                         | Avarua              | Oceania  | Polynesia                 |      18100 | https://restcountries.eu/data/cok.svg
 CR   | Costa Rica                                           | San José            | Americas | Central America           |    4890379 | https://restcountries.eu/data/cri.svg
 HR   | Croatia                                              | Zagreb              | Europe   | Southern Europe           |    4190669 | https://restcountries.eu/data/hrv.svg
 CU   | Cuba                                                 | Havana              | Americas | Caribbean                 |   11239004 | https://restcountries.eu/data/cub.svg
 CW   | Curaçao                                              | Willemstad          | Americas | Caribbean                 |     154843 | https://restcountries.eu/data/cuw.svg
 CY   | Cyprus                                               | Nicosia             | Europe   | Southern Europe           |     847000 | https://restcountries.eu/data/cyp.svg
 CZ   | Czech Republic                                       | Prague              | Europe   | Eastern Europe            |   10558524 | https://restcountries.eu/data/cze.svg
 DK   | Denmark                                              | Copenhagen          | Europe   | Northern Europe           |    5717014 | https://restcountries.eu/data/dnk.svg
 DJ   | Djibouti                                             | Djibouti            | Africa   | Eastern Africa            |     900000 | https://restcountries.eu/data/dji.svg
 DM   | Dominica                                             | Roseau              | Americas | Caribbean                 |      71293 | https://restcountries.eu/data/dma.svg
 DO   | Dominican Republic                                   | Santo Domingo       | Americas | Caribbean                 |   10075045 | https://restcountries.eu/data/dom.svg
 EC   | Ecuador                                              | Quito               | Americas | South America             |   16545799 | https://restcountries.eu/data/ecu.svg
 EG   | Egypt                                                | Cairo               | Africa   | Northern Africa           |   91290000 | https://restcountries.eu/data/egy.svg
 SV   | El Salvador                                          | San Salvador        | Americas | Central America           |    6520675 | https://restcountries.eu/data/slv.svg
 GQ   | Equatorial Guinea                                    | Malabo              | Africa   | Middle Africa             |    1222442 | https://restcountries.eu/data/gnq.svg
 ER   | Eritrea                                              | Asmara              | Africa   | Eastern Africa            |    5352000 | https://restcountries.eu/data/eri.svg
 EE   | Estonia                                              | Tallinn             | Europe   | Northern Europe           |    1315944 | https://restcountries.eu/data/est.svg
 ET   | Ethiopia                                             | Addis Ababa         | Africa   | Eastern Africa            |   92206005 | https://restcountries.eu/data/eth.svg
 FK   | Falkland Islands (Malvinas)                          | Stanley             | Americas | South America             |       2563 | https://restcountries.eu/data/flk.svg
 FO   | Faroe Islands                                        | Tórshavn            | Europe   | Northern Europe           |      49376 | https://restcountries.eu/data/fro.svg
 FJ   | Fiji                                                 | Suva                | Oceania  | Melanesia                 |     867000 | https://restcountries.eu/data/fji.svg
 FI   | Finland                                              | Helsinki            | Europe   | Northern Europe           |    5491817 | https://restcountries.eu/data/fin.svg
 FR   | France                                               | Paris               | Europe   | Western Europe            |   66710000 | https://restcountries.eu/data/fra.svg
 GF   | French Guiana                                        | Cayenne             | Americas | South America             |     254541 | https://restcountries.eu/data/guf.svg
 PF   | French Polynesia                                     | Papeetē             | Oceania  | Polynesia                 |     271800 | https://restcountries.eu/data/pyf.svg
 TF   | French Southern Territories                          | Port-aux-Français   | Africa   | Southern Africa           |        140 | https://restcountries.eu/data/atf.svg
 GA   | Gabon                                                | Libreville          | Africa   | Middle Africa             |    1802278 | https://restcountries.eu/data/gab.svg
 GM   | Gambia                                               | Banjul              | Africa   | Western Africa            |    1882450 | https://restcountries.eu/data/gmb.svg
 GE   | Georgia                                              | Tbilisi             | Asia     | Western Asia              |    3720400 | https://restcountries.eu/data/geo.svg
 DE   | Germany                                              | Berlin              | Europe   | Western Europe            |   81770900 | https://restcountries.eu/data/deu.svg
 GH   | Ghana                                                | Accra               | Africa   | Western Africa            |   27670174 | https://restcountries.eu/data/gha.svg
 GI   | Gibraltar                                            | Gibraltar           | Europe   | Southern Europe           |      33140 | https://restcountries.eu/data/gib.svg
 GR   | Greece                                               | Athens              | Europe   | Southern Europe           |   10858018 | https://restcountries.eu/data/grc.svg
 GL   | Greenland                                            | Nuuk                | Americas | Northern America          |      55847 | https://restcountries.eu/data/grl.svg
 GD   | Grenada                                              | St. George's        | Americas | Caribbean                 |     103328 | https://restcountries.eu/data/grd.svg
 GP   | Guadeloupe                                           | Basse-Terre         | Americas | Caribbean                 |     400132 | https://restcountries.eu/data/glp.svg
 GU   | Guam                                                 | Hagåtña             | Oceania  | Micronesia                |     184200 | https://restcountries.eu/data/gum.svg
 GT   | Guatemala                                            | Guatemala City      | Americas | Central America           |   16176133 | https://restcountries.eu/data/gtm.svg
 GG   | Guernsey                                             | St. Peter Port      | Europe   | Northern Europe           |      62999 | https://restcountries.eu/data/ggy.svg
 GN   | Guinea                                               | Conakry             | Africa   | Western Africa            |   12947000 | https://restcountries.eu/data/gin.svg
 GW   | Guinea-Bissau                                        | Bissau              | Africa   | Western Africa            |    1547777 | https://restcountries.eu/data/gnb.svg
 GY   | Guyana                                               | Georgetown          | Americas | South America             |     746900 | https://restcountries.eu/data/guy.svg
 HT   | Haiti                                                | Port-au-Prince      | Americas | Caribbean                 |   11078033 | https://restcountries.eu/data/hti.svg
 HM   | Heard Island and McDonald Islands                    |                     | Unknown  |                           |          0 | https://restcountries.eu/data/hmd.svg
 VA   | Holy See                                             | Rome                | Europe   | Southern Europe           |        451 | https://restcountries.eu/data/vat.svg
 HN   | Honduras                                             | Tegucigalpa         | Americas | Central America           |    8576532 | https://restcountries.eu/data/hnd.svg
 HK   | Hong Kong                                            | City of Victoria    | Asia     | Eastern Asia              |    7324300 | https://restcountries.eu/data/hkg.svg
 HU   | Hungary                                              | Budapest            | Europe   | Eastern Europe            |    9823000 | https://restcountries.eu/data/hun.svg
 IS   | Iceland                                              | Reykjavík           | Europe   | Northern Europe           |     334300 | https://restcountries.eu/data/isl.svg
 IN   | India                                                | New Delhi           | Asia     | Southern Asia             | 1295210000 | https://restcountries.eu/data/ind.svg
 ID   | Indonesia                                            | Jakarta             | Asia     | South-Eastern Asia        |  258705000 | https://restcountries.eu/data/idn.svg
 CI   | Côte d'Ivoire                                        | Yamoussoukro        | Africa   | Western Africa            |   22671331 | https://restcountries.eu/data/civ.svg
 IR   | Iran (Islamic Republic of)                           | Tehran              | Asia     | Southern Asia             |   79369900 | https://restcountries.eu/data/irn.svg
 IQ   | Iraq                                                 | Baghdad             | Asia     | Western Asia              |   37883543 | https://restcountries.eu/data/irq.svg
 IE   | Ireland                                              | Dublin              | Europe   | Northern Europe           |    6378000 | https://restcountries.eu/data/irl.svg
 IM   | Isle of Man                                          | Douglas             | Europe   | Northern Europe           |      84497 | https://restcountries.eu/data/imn.svg
 IL   | Israel                                               | Jerusalem           | Asia     | Western Asia              |    8527400 | https://restcountries.eu/data/isr.svg
 IT   | Italy                                                | Rome                | Europe   | Southern Europe           |   60665551 | https://restcountries.eu/data/ita.svg
 JM   | Jamaica                                              | Kingston            | Americas | Caribbean                 |    2723246 | https://restcountries.eu/data/jam.svg
 JP   | Japan                                                | Tokyo               | Asia     | Eastern Asia              |  126960000 | https://restcountries.eu/data/jpn.svg
 JE   | Jersey                                               | Saint Helier        | Europe   | Northern Europe           |     100800 | https://restcountries.eu/data/jey.svg
 JO   | Jordan                                               | Amman               | Asia     | Western Asia              |    9531712 | https://restcountries.eu/data/jor.svg
 KZ   | Kazakhstan                                           | Astana              | Asia     | Central Asia              |   17753200 | https://restcountries.eu/data/kaz.svg
 KE   | Kenya                                                | Nairobi             | Africa   | Eastern Africa            |   47251000 | https://restcountries.eu/data/ken.svg
 KI   | Kiribati                                             | South Tarawa        | Oceania  | Micronesia                |     113400 | https://restcountries.eu/data/kir.svg
 KW   | Kuwait                                               | Kuwait City         | Asia     | Western Asia              |    4183658 | https://restcountries.eu/data/kwt.svg
 KG   | Kyrgyzstan                                           | Bishkek             | Asia     | Central Asia              |    6047800 | https://restcountries.eu/data/kgz.svg
 LA   | Lao People's Democratic Republic                     | Vientiane           | Asia     | South-Eastern Asia        |    6492400 | https://restcountries.eu/data/lao.svg
 LV   | Latvia                                               | Riga                | Europe   | Northern Europe           |    1961600 | https://restcountries.eu/data/lva.svg
 LB   | Lebanon                                              | Beirut              | Asia     | Western Asia              |    5988000 | https://restcountries.eu/data/lbn.svg
 LS   | Lesotho                                              | Maseru              | Africa   | Southern Africa           |    1894194 | https://restcountries.eu/data/lso.svg
 LR   | Liberia                                              | Monrovia            | Africa   | Western Africa            |    4615000 | https://restcountries.eu/data/lbr.svg
 LY   | Libya                                                | Tripoli             | Africa   | Northern Africa           |    6385000 | https://restcountries.eu/data/lby.svg
 LI   | Liechtenstein                                        | Vaduz               | Europe   | Western Europe            |      37623 | https://restcountries.eu/data/lie.svg
 LT   | Lithuania                                            | Vilnius             | Europe   | Northern Europe           |    2872294 | https://restcountries.eu/data/ltu.svg
 LU   | Luxembourg                                           | Luxembourg          | Europe   | Western Europe            |     576200 | https://restcountries.eu/data/lux.svg
 MO   | Macao                                                |                     | Asia     | Eastern Asia              |     649100 | https://restcountries.eu/data/mac.svg
 MK   | Macedonia (the former Yugoslav Republic of)          | Skopje              | Europe   | Southern Europe           |    2058539 | https://restcountries.eu/data/mkd.svg
 MG   | Madagascar                                           | Antananarivo        | Africa   | Eastern Africa            |   22434363 | https://restcountries.eu/data/mdg.svg
 MW   | Malawi                                               | Lilongwe            | Africa   | Eastern Africa            |   16832910 | https://restcountries.eu/data/mwi.svg
 MY   | Malaysia                                             | Kuala Lumpur        | Asia     | South-Eastern Asia        |   31405416 | https://restcountries.eu/data/mys.svg
 MV   | Maldives                                             | Malé                | Asia     | Southern Asia             |     344023 | https://restcountries.eu/data/mdv.svg
 ML   | Mali                                                 | Bamako              | Africa   | Western Africa            |   18135000 | https://restcountries.eu/data/mli.svg
 MT   | Malta                                                | Valletta            | Europe   | Southern Europe           |     425384 | https://restcountries.eu/data/mlt.svg
 MH   | Marshall Islands                                     | Majuro              | Oceania  | Micronesia                |      54880 | https://restcountries.eu/data/mhl.svg
 MQ   | Martinique                                           | Fort-de-France      | Americas | Caribbean                 |     378243 | https://restcountries.eu/data/mtq.svg
 MR   | Mauritania                                           | Nouakchott          | Africa   | Western Africa            |    3718678 | https://restcountries.eu/data/mrt.svg
 MU   | Mauritius                                            | Port Louis          | Africa   | Eastern Africa            |    1262879 | https://restcountries.eu/data/mus.svg
 YT   | Mayotte                                              | Mamoudzou           | Africa   | Eastern Africa            |     226915 | https://restcountries.eu/data/myt.svg
 MX   | Mexico                                               | Mexico City         | Americas | Central America           |  122273473 | https://restcountries.eu/data/mex.svg
 FM   | Micronesia (Federated States of)                     | Palikir             | Oceania  | Micronesia                |     102800 | https://restcountries.eu/data/fsm.svg
 MD   | Moldova (Republic of)                                | Chișinău            | Europe   | Eastern Europe            |    3553100 | https://restcountries.eu/data/mda.svg
 MC   | Monaco                                               | Monaco              | Europe   | Western Europe            |      38400 | https://restcountries.eu/data/mco.svg
 MN   | Mongolia                                             | Ulan Bator          | Asia     | Eastern Asia              |    3093100 | https://restcountries.eu/data/mng.svg
 ME   | Montenegro                                           | Podgorica           | Europe   | Southern Europe           |     621810 | https://restcountries.eu/data/mne.svg
 MS   | Montserrat                                           | Plymouth            | Americas | Caribbean                 |       4922 | https://restcountries.eu/data/msr.svg
 MA   | Morocco                                              | Rabat               | Africa   | Northern Africa           |   33337529 | https://restcountries.eu/data/mar.svg
 MZ   | Mozambique                                           | Maputo              | Africa   | Eastern Africa            |   26423700 | https://restcountries.eu/data/moz.svg
 MM   | Myanmar                                              | Naypyidaw           | Asia     | South-Eastern Asia        |   51419420 | https://restcountries.eu/data/mmr.svg
 NA   | Namibia                                              | Windhoek            | Africa   | Southern Africa           |    2324388 | https://restcountries.eu/data/nam.svg
 NR   | Nauru                                                | Yaren               | Oceania  | Micronesia                |      10084 | https://restcountries.eu/data/nru.svg
 NP   | Nepal                                                | Kathmandu           | Asia     | Southern Asia             |   28431500 | https://restcountries.eu/data/npl.svg
 NL   | Netherlands                                          | Amsterdam           | Europe   | Western Europe            |   17019800 | https://restcountries.eu/data/nld.svg
 NC   | New Caledonia                                        | Nouméa              | Oceania  | Melanesia                 |     268767 | https://restcountries.eu/data/ncl.svg
 NZ   | New Zealand                                          | Wellington          | Oceania  | Australia and New Zealand |    4697854 | https://restcountries.eu/data/nzl.svg
 NI   | Nicaragua                                            | Managua             | Americas | Central America           |    6262703 | https://restcountries.eu/data/nic.svg
 NE   | Niger                                                | Niamey              | Africa   | Western Africa            |   20715000 | https://restcountries.eu/data/ner.svg
 NG   | Nigeria                                              | Abuja               | Africa   | Western Africa            |  186988000 | https://restcountries.eu/data/nga.svg
 NU   | Niue                                                 | Alofi               | Oceania  | Polynesia                 |       1470 | https://restcountries.eu/data/niu.svg
 NF   | Norfolk Island                                       | Kingston            | Oceania  | Australia and New Zealand |       2302 | https://restcountries.eu/data/nfk.svg
 KP   | Korea (Democratic People's Republic of)              | Pyongyang           | Asia     | Eastern Asia              |   25281000 | https://restcountries.eu/data/prk.svg
 MP   | Northern Mariana Islands                             | Saipan              | Oceania  | Micronesia                |      56940 | https://restcountries.eu/data/mnp.svg
 NO   | Norway                                               | Oslo                | Europe   | Northern Europe           |    5223256 | https://restcountries.eu/data/nor.svg
 OM   | Oman                                                 | Muscat              | Asia     | Western Asia              |    4420133 | https://restcountries.eu/data/omn.svg
 PK   | Pakistan                                             | Islamabad           | Asia     | Southern Asia             |  194125062 | https://restcountries.eu/data/pak.svg
 PW   | Palau                                                | Ngerulmud           | Oceania  | Micronesia                |      17950 | https://restcountries.eu/data/plw.svg
 PS   | Palestine, State of                                  | Ramallah            | Asia     | Western Asia              |    4682467 | https://restcountries.eu/data/pse.svg
 PA   | Panama                                               | Panama City         | Americas | Central America           |    3814672 | https://restcountries.eu/data/pan.svg
 PG   | Papua New Guinea                                     | Port Moresby        | Oceania  | Melanesia                 |    8083700 | https://restcountries.eu/data/png.svg
 PY   | Paraguay                                             | Asunción            | Americas | South America             |    6854536 | https://restcountries.eu/data/pry.svg
 PE   | Peru                                                 | Lima                | Americas | South America             |   31488700 | https://restcountries.eu/data/per.svg
 PH   | Philippines                                          | Manila              | Asia     | South-Eastern Asia        |  103279800 | https://restcountries.eu/data/phl.svg
 PN   | Pitcairn                                             | Adamstown           | Oceania  | Polynesia                 |         56 | https://restcountries.eu/data/pcn.svg
 PL   | Poland                                               | Warsaw              | Europe   | Eastern Europe            |   38437239 | https://restcountries.eu/data/pol.svg
 PT   | Portugal                                             | Lisbon              | Europe   | Southern Europe           |   10374822 | https://restcountries.eu/data/prt.svg
 PR   | Puerto Rico                                          | San Juan            | Americas | Caribbean                 |    3474182 | https://restcountries.eu/data/pri.svg
 QA   | Qatar                                                | Doha                | Asia     | Western Asia              |    2587564 | https://restcountries.eu/data/qat.svg
 XK   | Republic of Kosovo                                   | Pristina            | Europe   | Eastern Europe            |    1733842 | https://restcountries.eu/data/kos.svg
 RE   | Réunion                                              | Saint-Denis         | Africa   | Eastern Africa            |     840974 | https://restcountries.eu/data/reu.svg
 RO   | Romania                                              | Bucharest           | Europe   | Eastern Europe            |   19861408 | https://restcountries.eu/data/rou.svg
 RU   | Russian Federation                                   | Moscow              | Europe   | Eastern Europe            |  146599183 | https://restcountries.eu/data/rus.svg
 RW   | Rwanda                                               | Kigali              | Africa   | Eastern Africa            |   11553188 | https://restcountries.eu/data/rwa.svg
 BL   | Saint Barthélemy                                     | Gustavia            | Americas | Caribbean                 |       9417 | https://restcountries.eu/data/blm.svg
 SH   | Saint Helena, Ascension and Tristan da Cunha         | Jamestown           | Africa   | Western Africa            |       4255 | https://restcountries.eu/data/shn.svg
 KN   | Saint Kitts and Nevis                                | Basseterre          | Americas | Caribbean                 |      46204 | https://restcountries.eu/data/kna.svg
 LC   | Saint Lucia                                          | Castries            | Americas | Caribbean                 |     186000 | https://restcountries.eu/data/lca.svg
 MF   | Saint Martin (French part)                           | Marigot             | Americas | Caribbean                 |      36979 | https://restcountries.eu/data/maf.svg
 PM   | Saint Pierre and Miquelon                            | Saint-Pierre        | Americas | Northern America          |       6069 | https://restcountries.eu/data/spm.svg
 VC   | Saint Vincent and the Grenadines                     | Kingstown           | Americas | Caribbean                 |     109991 | https://restcountries.eu/data/vct.svg
 WS   | Samoa                                                | Apia                | Oceania  | Polynesia                 |     194899 | https://restcountries.eu/data/wsm.svg
 SM   | San Marino                                           | City of San Marino  | Europe   | Southern Europe           |      33005 | https://restcountries.eu/data/smr.svg
 ST   | Sao Tome and Principe                                | São Tomé            | Africa   | Middle Africa             |     187356 | https://restcountries.eu/data/stp.svg
 SA   | Saudi Arabia                                         | Riyadh              | Asia     | Western Asia              |   32248200 | https://restcountries.eu/data/sau.svg
 SN   | Senegal                                              | Dakar               | Africa   | Western Africa            |   14799859 | https://restcountries.eu/data/sen.svg
 RS   | Serbia                                               | Belgrade            | Europe   | Southern Europe           |    7076372 | https://restcountries.eu/data/srb.svg
 SC   | Seychelles                                           | Victoria            | Africa   | Eastern Africa            |      91400 | https://restcountries.eu/data/syc.svg
 SL   | Sierra Leone                                         | Freetown            | Africa   | Western Africa            |    7075641 | https://restcountries.eu/data/sle.svg
 SG   | Singapore                                            | Singapore           | Asia     | South-Eastern Asia        |    5535000 | https://restcountries.eu/data/sgp.svg
 SX   | Sint Maarten (Dutch part)                            | Philipsburg         | Americas | Caribbean                 |      38247 | https://restcountries.eu/data/sxm.svg
 SK   | Slovakia                                             | Bratislava          | Europe   | Eastern Europe            |    5426252 | https://restcountries.eu/data/svk.svg
 SI   | Slovenia                                             | Ljubljana           | Europe   | Southern Europe           |    2064188 | https://restcountries.eu/data/svn.svg
 SB   | Solomon Islands                                      | Honiara             | Oceania  | Melanesia                 |     642000 | https://restcountries.eu/data/slb.svg
 SO   | Somalia                                              | Mogadishu           | Africa   | Eastern Africa            |   11079000 | https://restcountries.eu/data/som.svg
 ZA   | South Africa                                         | Pretoria            | Africa   | Southern Africa           |   55653654 | https://restcountries.eu/data/zaf.svg
 GS   | South Georgia and the South Sandwich Islands         | King Edward Point   | Americas | South America             |         30 | https://restcountries.eu/data/sgs.svg
 KR   | Korea (Republic of)                                  | Seoul               | Asia     | Eastern Asia              |   50801405 | https://restcountries.eu/data/kor.svg
 SS   | South Sudan                                          | Juba                | Africa   | Middle Africa             |   12131000 | https://restcountries.eu/data/ssd.svg
 ES   | Spain                                                | Madrid              | Europe   | Southern Europe           |   46438422 | https://restcountries.eu/data/esp.svg
 LK   | Sri Lanka                                            | Colombo             | Asia     | Southern Asia             |   20966000 | https://restcountries.eu/data/lka.svg
 SD   | Sudan                                                | Khartoum            | Africa   | Northern Africa           |   39598700 | https://restcountries.eu/data/sdn.svg
 SR   | Suriname                                             | Paramaribo          | Americas | South America             |     541638 | https://restcountries.eu/data/sur.svg
 SJ   | Svalbard and Jan Mayen                               | Longyearbyen        | Europe   | Northern Europe           |       2562 | https://restcountries.eu/data/sjm.svg
 SZ   | Swaziland                                            | Lobamba             | Africa   | Southern Africa           |    1132657 | https://restcountries.eu/data/swz.svg
 SE   | Sweden                                               | Stockholm           | Europe   | Northern Europe           |    9894888 | https://restcountries.eu/data/swe.svg
 CH   | Switzerland                                          | Bern                | Europe   | Western Europe            |    8341600 | https://restcountries.eu/data/che.svg
 SY   | Syrian Arab Republic                                 | Damascus            | Asia     | Western Asia              |   18564000 | https://restcountries.eu/data/syr.svg
 TW   | Taiwan                                               | Taipei              | Asia     | Eastern Asia              |   23503349 | https://restcountries.eu/data/twn.svg
 TJ   | Tajikistan                                           | Dushanbe            | Asia     | Central Asia              |    8593600 | https://restcountries.eu/data/tjk.svg
 TZ   | Tanzania, United Republic of                         | Dodoma              | Africa   | Eastern Africa            |   55155000 | https://restcountries.eu/data/tza.svg
 TH   | Thailand                                             | Bangkok             | Asia     | South-Eastern Asia        |   65327652 | https://restcountries.eu/data/tha.svg
 TL   | Timor-Leste                                          | Dili                | Asia     | South-Eastern Asia        |    1167242 | https://restcountries.eu/data/tls.svg
 TG   | Togo                                                 | Lomé                | Africa   | Western Africa            |    7143000 | https://restcountries.eu/data/tgo.svg
 TK   | Tokelau                                              | Fakaofo             | Oceania  | Polynesia                 |       1411 | https://restcountries.eu/data/tkl.svg
 TO   | Tonga                                                | Nuku'alofa          | Oceania  | Polynesia                 |     103252 | https://restcountries.eu/data/ton.svg
 TT   | Trinidad and Tobago                                  | Port of Spain       | Americas | Caribbean                 |    1349667 | https://restcountries.eu/data/tto.svg
 TN   | Tunisia                                              | Tunis               | Africa   | Northern Africa           |   11154400 | https://restcountries.eu/data/tun.svg
 TR   | Turkey                                               | Ankara              | Asia     | Western Asia              |   78741053 | https://restcountries.eu/data/tur.svg
 TM   | Turkmenistan                                         | Ashgabat            | Asia     | Central Asia              |    4751120 | https://restcountries.eu/data/tkm.svg
 TC   | Turks and Caicos Islands                             | Cockburn Town       | Americas | Caribbean                 |      31458 | https://restcountries.eu/data/tca.svg
 TV   | Tuvalu                                               | Funafuti            | Oceania  | Polynesia                 |      10640 | https://restcountries.eu/data/tuv.svg
 UG   | Uganda                                               | Kampala             | Africa   | Eastern Africa            |   33860700 | https://restcountries.eu/data/uga.svg
 UA   | Ukraine                                              | Kiev                | Europe   | Eastern Europe            |   42692393 | https://restcountries.eu/data/ukr.svg
 AE   | United Arab Emirates                                 | Abu Dhabi           | Asia     | Western Asia              |    9856000 | https://restcountries.eu/data/are.svg
 GB   | United Kingdom of Great Britain and Northern Ireland | London              | Europe   | Northern Europe           |   65110000 | https://restcountries.eu/data/gbr.svg
 US   | United States of America                             | Washington, D.C.    | Americas | Northern America          |  323947000 | https://restcountries.eu/data/usa.svg
 UY   | Uruguay                                              | Montevideo          | Americas | South America             |    3480222 | https://restcountries.eu/data/ury.svg
 UZ   | Uzbekistan                                           | Tashkent            | Asia     | Central Asia              |   31576400 | https://restcountries.eu/data/uzb.svg
 VU   | Vanuatu                                              | Port Vila           | Oceania  | Melanesia                 |     277500 | https://restcountries.eu/data/vut.svg
 VE   | Venezuela (Bolivarian Republic of)                   | Caracas             | Americas | South America             |   31028700 | https://restcountries.eu/data/ven.svg
 VN   | Viet Nam                                             | Hanoi               | Asia     | South-Eastern Asia        |   92700000 | https://restcountries.eu/data/vnm.svg
 WF   | Wallis and Futuna                                    | Mata-Utu            | Oceania  | Polynesia                 |      11750 | https://restcountries.eu/data/wlf.svg
 EH   | Western Sahara                                       | El Aaiún            | Africa   | Northern Africa           |     510713 | https://restcountries.eu/data/esh.svg
 YE   | Yemen                                                | Sana'a              | Asia     | Western Asia              |   27478000 | https://restcountries.eu/data/yem.svg
 ZM   | Zambia                                               | Lusaka              | Africa   | Eastern Africa            |   15933883 | https://restcountries.eu/data/zmb.svg
 ZW   | Zimbabwe                                             | Harare              | Africa   | Eastern Africa            |   14240168 | https://restcountries.eu/data/zwe.svg
(250 rows)

